"","Apis mellifera","Lasioglossum mahense","Hemipyrellia germana","Ornidia obesa","Xylocopa caffra","Unidentified sp2 M_PL_111","Megachile seychellensis","Physiphoa azurea ","Lygistorrhina sp1 M_PL_111","Neophyllomyza approximatonervis","Unidentified sp1 M_PL_111","Phelsuma sp1 M_PL_111","Hemipyrellia sp1 M_PL_111","Parasarcophaga hirticeps","Leptotes pirithous","Nectarinia dussumieri","Polistes olivaceus","Unidentified sp3 M_PL_111","Unidentified sp4 M_PL_111"
"Canthium bibracteatum",52,17,9,1,0,0,0,6,0,0,0,0,0,0,0,0,0,0,0
"Nephrosperma vanhoutteanum",16,31,0,1,0,10,7,0,3,4,4,3,0,0,1,0,1,1,1
"Psidium cattleianum",19,0,14,18,1,0,0,0,0,0,0,0,0,0,0,0,0,0,0
"Premna serratifolia",0,21,5,0,0,0,1,0,1,0,0,0,2,2,0,0,0,0,0
"Paragenipa wrightii",3,12,0,0,0,0,0,0,0,0,0,0,0,0,0,1,0,0,0
"Paraserianthes falcataria",10,4,0,0,0,0,0,0,0,0,0,0,0,0,0,0,0,0,0
"Ochna kirkii",0,0,0,0,10,0,0,0,0,0,0,0,0,0,0,0,0,0,0
"Memecylon eleagni",2,5,0,0,0,0,0,0,0,0,0,0,0,0,0,0,0,0,0
