"","Lasioglossum mahense","Rhiparida seychellensis","Apis mellifera","Phelsuma sp1 M_PL_097","Unidentified sp1 M_PL_097","Cratopus aurostriatus","Eagris sabadius","Hemipyrellia germana","Hemipyrellia sp1 M_PL_097","Neophyllomyza approximatonervis","Rhynchium brunneum"
"Phoenicophorium borsigianum",13,58,0,0,0,1,0,0,1,0,0
"Nephrosperma vanhoutteanum",47,0,11,3,0,0,0,1,0,0,0
"Erythroxylum sechellarum",23,0,11,0,3,0,0,0,0,0,0
"Memecylon eleagni",7,0,4,0,0,1,0,0,0,0,0
"Canthium bibracteatum",1,0,0,0,0,0,0,0,0,1,1
"Alstonia macrophylla",0,0,0,0,0,0,1,0,0,0,0
