"","Lasioglossum mahense","Apis mellifera","Ornidia obesa","Parasarcophaga hirticeps","Unidentified sp1 M_PL_109","Xylocopa caffra","Hemipyrellia germana","Pachycerina seychellensis","Dichaetomyia fasciculifera","Hemipyrellia sp1 M_PL_109","Lygistorrhina sp1 M_PL_109","Plagiostenopterina cyanosoma","Simosyrphus aegyptius"
"Canthium bibracteatum",18,9,2,0,0,0,4,0,0,0,0,0,0
"Psidium cattleianum",0,20,3,5,0,1,0,0,0,0,0,0,0
"Premna serratifolia",4,0,4,3,6,0,1,2,2,1,0,0,0
"Erythroxylum sechellarum",13,3,0,0,0,0,0,1,0,0,2,0,0
"Cinnamomum verum",13,0,1,1,0,0,0,0,0,1,0,2,0
"Ochna kirkii",0,0,0,0,0,5,0,0,0,0,0,0,0
"Memecylon eleagni",0,2,0,0,0,0,0,0,0,0,0,0,1
