"","Nacoleia sp1 M_PL_080","Chaetocnema sp1 M_PL_080","Chrysomya megacephala ","Apis mellifera","Villa unifasciata","Brachymyrmex sp1 M_PL_080","Phorinia sp1 M_PL_080","Stomorhina lunata","Ahasverus advena ","Allograpta nasuta","Syritta nigrofemorata","Episyrphus sp1 M_PL_080","Lecithoceridae sp1 M_PL_080","Mauritiborium undulatus ","Melanostoma bituberculatum ","Mordellidae sp1 M_PL_080","Musca domestica","Pachycerina crinicornis ","Pelecophora intemipta","Polistes hebraeus","Sarcophaga arno ","Technomyrmex albipes "
"Stillingia lineata",0,2,4,0,2,0,3,0,2,1,2,0,0,1,0,1,1,1,1,0,1,1
"Gaertnera sp1 M_PL_080",7,1,1,4,0,0,0,0,0,1,0,1,1,0,0,0,0,0,0,1,0,0
"Aphloia theiformis",0,0,0,0,1,3,0,2,0,0,0,0,0,0,1,0,0,0,0,0,0,0
"Syzygium coriaceum",2,2,0,0,1,0,0,1,0,0,0,0,0,0,0,0,0,0,0,0,0,0
"Euodia chapelieri",0,4,0,0,0,0,0,0,0,0,0,0,0,0,0,0,0,0,0,0,0,0
"Warneckea trinervis",1,0,0,0,0,0,0,0,0,0,0,0,0,0,0,0,0,0,0,0,0,0
