"","Apis mellifera","Chaetocnema sp1 M_PL_072","Fannia pusio ","Stomoxys calcitrans","Stomorhina lunata","Stomoxys niger","Musca domestica","Ophyra capensis ","Dysauxes florida","Melanostoma annulipes","Nacoleia sp2 M_PL_072","Pachycerina crinicornis ","Nacoleia sp1 M_PL_072","Orchisia costata ","Ceratitis roas","Chrysomya megacephala ","Diptera sp1 M_PL_072","Diptera sp2 M_PL_072","Eristalinus flaveolus","Graphomya maculata","Henotesia narcissus","Homoneura sp1 M_PL_072","Homoneura sp2 M_PL_072","Limnophora quaterna ","Lygistorrhina sp1 M_PL_072","Orthellia albigena ","Paragus borbonicus","Phorinia sp1 M_PL_072","Sapromyza sp1 M_PL_072","Technomyrmex albipes ","Unidentified sp1 M_PL_072"
"Sideroxylon cinereum",38,1,11,2,2,4,0,1,1,0,2,1,0,0,0,1,0,0,1,0,1,0,1,1,0,1,1,1,1,0,0
"Croton fothergillifolius",0,30,0,0,2,0,1,0,0,1,0,0,2,0,0,0,0,0,0,0,0,0,0,0,0,0,0,0,0,0,0
"Dodonaea viscosa ",0,0,1,2,2,0,3,0,0,0,0,1,0,1,0,0,0,1,0,1,0,1,0,0,1,0,0,0,0,1,0
"Trochetia blackburniana",12,0,0,0,0,0,0,0,0,0,0,0,0,0,0,0,0,0,0,0,0,0,0,0,0,0,0,0,0,0,0
"Psiadia terebinthina",0,0,0,2,0,2,0,0,2,0,1,1,0,1,1,0,0,0,0,0,0,0,0,0,0,0,0,0,0,0,1
"Erythroxylum macrocarpum",0,0,0,2,0,0,0,3,0,2,0,0,0,0,0,0,0,0,0,0,0,0,0,0,0,0,0,0,0,0,0
"Claoxylon linostachys",0,0,0,0,0,0,0,0,0,0,0,0,0,0,0,0,1,0,0,0,0,0,0,0,0,0,0,0,0,0,0
