"","Apis mellifera","Lasioglossum mahense","Hemipyrellia germana","Rhiparida seychellensis","Unidentified sp2 M_PL_114","Megachile seychellensis","Neophyllomyza approximatonervis","Hemipyrellia sp1 M_PL_114","Ceratina tabescens","Ornidia obesa","Phelsuma sp1 M_PL_114","Unidentified sp1 M_PL_114","Melanostoma annulipes","Rhynchium brunneum","Lygistorrhina sp1 M_PL_114","Polistes olivaceus","Unidentified sp3 M_PL_114","Unidentified sp4 M_PL_114","Unidentified sp5 M_PL_114"
"Canthium bibracteatum",44,16,9,0,0,10,0,5,4,4,0,0,0,1,0,0,0,0,0
"Phoenicophorium borsigianum",4,22,11,26,0,0,0,0,0,0,1,2,2,0,0,0,1,1,0
"Deckenia nobilis",25,11,4,0,0,0,2,0,0,0,3,0,0,0,0,0,0,0,0
"Nephrosperma vanhoutteanum",2,14,4,1,11,0,4,0,0,0,0,2,0,0,1,0,0,0,1
"Chrysobalanus icaco",16,2,0,0,0,0,0,0,0,0,0,0,0,1,0,1,0,0,0
