"","Apis mellifera","Lasioglossum mahense","Hemipyrellia germana","Unidentified sp5 M_PL_119","Unidentified sp2 M_PL_119","Parasarcophaga hirticeps","Phelsuma sp1 M_PL_119","Hemipyrellia sp1 M_PL_119","Lygistorrhina sp1 M_PL_119","Ornidia obesa","Unidentified sp1 M_PL_119","Unidentified sp4 M_PL_119","Cratopus aurostriatus","Dichaetomyia fasciculifera","Nectarinia dussumieri","Rhiparida seychellensis","Unidentified sp3 M_PL_119"
"Nephrosperma vanhoutteanum",18,27,0,0,6,0,4,2,3,0,1,0,1,0,0,0,1
"Paragenipa wrightii",18,9,0,7,0,0,0,0,0,0,0,0,0,0,1,0,0
"Erythroxylum sechellarum",4,8,0,0,0,2,0,0,0,1,1,0,0,0,0,0,0
"Roscheria melanochaetes",9,4,0,0,0,0,0,0,0,0,0,2,0,0,0,0,0
"Memecylon eleagni",12,0,1,0,0,0,0,0,0,0,0,0,0,0,0,0,0
"Dillenia ferruginea",6,0,3,0,0,0,0,0,0,1,0,0,0,0,0,1,0
"Nepenthes pervillei",0,0,4,0,0,2,0,1,0,0,0,0,0,1,0,0,0
