"","Lasioglossum mahense","Apis mellifera","Unidentified sp1 M_PL_100","Lygistorrhina sp1 M_PL_100","Scaptodrosophila sp1 M_PL_100","Eristalinus vicarians","Nectarinia dussumieri","Parasarcophaga hirticeps","Phelsuma sp1 M_PL_100","Rhiparida seychellensis","Cratopus aurostriatus","Unidentified sp2 M_PL_100","Unidentified sp3 M_PL_100"
"Dillenia ferruginea",6,7,0,0,0,0,0,0,2,0,1,0,0
"Erythroxylum sechellarum",11,3,0,0,0,0,0,0,0,0,0,1,1
"Campnosperma seychellarum",0,0,6,0,0,0,0,0,0,2,0,0,0
"Craterispermum microdon",0,3,0,0,3,0,0,0,0,0,0,0,0
"Soulamea terminaloides",0,0,0,2,0,2,0,2,0,0,0,0,0
"Excoecaria benthiamiana",0,0,0,3,0,0,0,0,0,0,0,0,0
"Memecylon eleagni",3,0,0,0,0,0,0,0,0,0,0,0,0
"Colea seychellarum",0,0,0,0,0,0,2,0,0,0,0,0,0
"Cinnamomum verum",1,0,0,0,0,0,0,0,0,0,0,0,0
