"","Apis mellifera","Lasioglossum mahense","Lygistorrhina sp1 M_PL_131","Hemipyrellia germana","Unidentified sp2 M_PL_131","Eristalinus vicarians","Hemipyrellia sp1 M_PL_131","Neophyllomyza approximatonervis","Phelsuma sp1 M_PL_131","Eagris sabadius","Melanostoma annulipes","Polistes olivaceus","Rhynchium brunneum","Unidentified sp1 M_PL_131"
"Nephrosperma vanhoutteanum",13,15,0,0,0,0,0,1,1,0,0,0,0,0
"Gastonia crassa",25,0,0,0,0,0,0,1,1,0,0,0,0,0
"Erythroxylum sechellarum",6,10,3,0,1,0,0,0,0,0,0,0,0,0
"Paragenipa wrightii",9,8,0,0,0,2,0,0,0,0,0,0,0,0
"Chrysobalanus icaco",16,0,0,0,0,0,0,0,0,1,0,1,0,0
"Canthium bibracteatum",5,0,2,0,0,0,1,0,0,0,1,0,0,1
"Nepenthes pervillei",2,0,0,3,1,0,1,0,0,0,0,0,1,0
"Dillenia ferruginea",2,1,0,1,0,0,0,0,0,0,0,0,0,0
"Memecylon eleagni",0,1,0,0,1,0,0,0,0,0,0,0,0,0
