"","Apis mellifera","Lasioglossum mahense","Unidentified sp2 M_PL_087","Nectarinia dussumieri","Unidentified sp1 M_PL_087","Hemipyrellia sp1 M_PL_087","Rhiparida seychellensis","Unidentified sp4 M_PL_087","Cratopus aurostriatus","Neophyllomyza approximatonervis","Megachile seychellensis","Mabuya sechellensis","Chalcidoma disjunctum","Unidentified sp3 M_PL_087"
"Nephrosperma vanhoutteanum",25,26,17,0,6,8,6,6,3,4,0,0,0,1
"Erythroxylum sechellarum",16,8,0,0,3,0,0,0,0,0,2,0,0,0
"Paragenipa wrightii",17,6,0,6,0,0,0,0,0,0,0,0,0,0
"Canthium bibracteatum",15,3,0,0,0,0,0,0,0,0,1,0,0,0
"Phoenicophorium borsigianum",2,12,0,0,0,0,0,0,1,0,0,0,0,0
"Memecylon eleagni",13,0,0,0,0,0,0,0,0,0,0,0,1,0
"Psychotria pervillei",4,2,0,3,0,0,0,0,0,0,0,0,0,0
"Syzygium wrightii",0,0,0,0,0,0,0,0,0,0,0,2,0,0
