"","Lasioglossum mahense","Apis mellifera","Unidentified sp6 M_PL_096","Forcipomyia sp1 M_PL_096","Unidentified sp4 M_PL_096","Unidentified sp5 M_PL_096","Rhiparida seychellensis","Scaptodrosophila sp1 M_PL_096","Lygistorrhina sp1 M_PL_096","Nectarinia dussumieri","Neophyllomyza approximatonervis","Unidentified sp7 M_PL_096","Phelsuma sp1 M_PL_096","Hemipyrellia germana","Cratopus aurostriatus","Ornidia obesa","Unidentified sp1 M_PL_096","Unidentified sp2 M_PL_096","Unidentified sp3 M_PL_096"
"Phoenicophorium borsigianum",17,3,29,25,2,12,2,6,3,0,3,4,0,2,1,0,1,1,1
"Nephrosperma vanhoutteanum",32,7,0,0,1,0,0,0,0,0,0,0,1,0,0,0,0,0,0
"Dillenia ferruginea",7,11,0,0,1,0,4,0,0,1,0,0,0,0,0,1,0,0,0
"Erythroxylum sechellarum",10,3,0,0,8,0,0,0,2,0,0,0,0,0,0,0,0,0,0
"Psychotria pervillei",7,5,0,0,0,0,0,0,0,2,1,0,0,0,0,0,0,0,0
"Paragenipa wrightii",5,3,0,0,2,0,0,0,0,0,0,0,0,0,0,0,0,0,0
"Northea hornei",0,0,0,0,0,0,0,0,0,2,0,0,2,0,0,0,0,0,0
