"","Lasioglossum mahense","Apis mellifera","Unidentified sp1 M_PL_093","Lygistorrhina sp1 M_PL_093","Cratopus aurostriatus","Ornidia obesa","Pachycerina seychellensis","Plagiostenopterina cyanosoma","Unidentified sp2 M_PL_093","Unidentified sp4 M_PL_093","Unidentified sp5 M_PL_093","Hemipyrellia sp1 M_PL_093","Phelsuma sp1 M_PL_093","Unidentified sp3 M_PL_093"
"Nephrosperma vanhoutteanum",2,14,8,3,0,0,0,0,2,0,0,0,1,1
"Erythroxylum sechellarum",20,0,0,1,0,0,2,2,0,0,2,0,0,0
"Memecylon eleagni",5,3,0,0,0,0,0,0,0,0,0,0,0,0
"Dillenia ferruginea",0,1,0,0,2,2,0,0,0,2,0,0,0,0
"Soulamea terminaloides",0,0,1,0,0,0,0,0,0,0,0,1,0,0
